{"<=50K": {"precision": 0.8548425290078143, "recall": 0.962923446252334, "f1-score": 0.9056698444555946, "support": 3749}, ">50K": {"precision": 0.8139223560910308, "recall": 0.49795249795249796, "f1-score": 0.6178861788617886, "support": 1221}, "accuracy": 0.848692152917505, "macro avg": {"precision": 0.8343824425494226, "recall": 0.7304379721024159, "f1-score": 0.7617780116586916, "support": 4970}, "weighted avg": {"precision": 0.8447895046353008, "recall": 0.848692152917505, "f1-score": 0.8349688674555872, "support": 4970}}