{"<=50K": {"precision": 0.7795799542524433, "recall": 1.0, "f1-score": 0.8761392848796448, "support": 3749}, ">50K": {"precision": 1.0, "recall": 0.13185913185913187, "f1-score": 0.23299565846599135, "support": 1221}, "accuracy": 0.7867203219315896, "macro avg": {"precision": 0.8897899771262217, "recall": 0.5659295659295659, "f1-score": 0.5545674716728181, "support": 4970}, "weighted avg": {"precision": 0.8337314383284528, "recall": 0.7867203219315896, "f1-score": 0.7181355891349624, "support": 4970}}