{"<=50K": {"precision": 0.8556137012369173, "recall": 0.9594558548946386, "f1-score": 0.9045643153526972, "support": 3749}, ">50K": {"precision": 0.8015665796344648, "recall": 0.5028665028665029, "f1-score": 0.6180171112229491, "support": 1221}, "accuracy": 0.8472837022132796, "macro avg": {"precision": 0.828590140435691, "recall": 0.7311611788805708, "f1-score": 0.7612907132878232, "support": 4970}, "weighted avg": {"precision": 0.8423357262919285, "recall": 0.8472837022132796, "f1-score": 0.8341671048411434, "support": 4970}}