{"<=50K": {"precision": 0.8576198425948008, "recall": 0.9591891170978928, "f1-score": 0.905565348778645, "support": 3749}, ">50K": {"precision": 0.803088803088803, "recall": 0.5110565110565111, "f1-score": 0.6246246246246245, "support": 1221}, "accuracy": 0.8490945674044266, "macro avg": {"precision": 0.830354322841802, "recall": 0.7351228140772019, "f1-score": 0.7650949867016348, "support": 4970}, "weighted avg": {"precision": 0.8442229815813556, "recall": 0.8490945674044266, "f1-score": 0.8365455048768221, "support": 4970}}