{"<=50K": {"precision": 0.8579599618684461, "recall": 0.960256068284876, "f1-score": 0.9062303335431089, "support": 3749}, ">50K": {"precision": 0.8074935400516796, "recall": 0.5118755118755118, "f1-score": 0.6265664160401002, "support": 1221}, "accuracy": 0.8501006036217303, "macro avg": {"precision": 0.8327267509600629, "recall": 0.7360657900801939, "f1-score": 0.7663983747916046, "support": 4970}, "weighted avg": {"precision": 0.8455616719211078, "recall": 0.8501006036217303, "f1-score": 0.8375241678949854, "support": 4970}}