{"<=50K": {"precision": 0.7843835042913962, "recall": 0.9994665244065084, "f1-score": 0.8789584799437016, "support": 3749}, ">50K": {"precision": 0.9896373056994818, "recall": 0.15642915642915642, "f1-score": 0.27015558698727016, "support": 1221}, "accuracy": 0.792354124748491, "macro avg": {"precision": 0.887010404995439, "recall": 0.5779478404178324, "f1-score": 0.5745570334654859, "support": 4970}, "weighted avg": {"precision": 0.8348090357842077, "recall": 0.792354124748491, "f1-score": 0.7293914110705018, "support": 4970}}