{"<=50K": {"precision": 0.7845477386934674, "recall": 0.9994665244065084, "f1-score": 0.8790615835777127, "support": 3749}, ">50K": {"precision": 0.9896907216494846, "recall": 0.15724815724815724, "f1-score": 0.2713780918727915, "support": 1221}, "accuracy": 0.7925553319919517, "macro avg": {"precision": 0.887119230171476, "recall": 0.5783573408273328, "f1-score": 0.5752198377252521, "support": 4970}, "weighted avg": {"precision": 0.8349460449689798, "recall": 0.7925553319919517, "f1-score": 0.7297695225371275, "support": 4970}}