{"<=50K": {"precision": 0.7786783042394015, "recall": 0.9994665244065084, "f1-score": 0.8753650274500643, "support": 3749}, ">50K": {"precision": 0.9873417721518988, "recall": 0.12776412776412777, "f1-score": 0.22625090645395213, "support": 1221}, "accuracy": 0.7853118712273642, "macro avg": {"precision": 0.8830100381956502, "recall": 0.5636153260853181, "f1-score": 0.5508079669520082, "support": 4970}, "weighted avg": {"precision": 0.8299415022919486, "recall": 0.7853118712273642, "f1-score": 0.7158945361550436, "support": 4970}}