{"<=50K": {"precision": 0.8560859188544153, "recall": 0.9567884769271806, "f1-score": 0.9036402569593148, "support": 3749}, ">50K": {"precision": 0.7923076923076923, "recall": 0.5061425061425061, "f1-score": 0.6176911544227887, "support": 1221}, "accuracy": 0.8460764587525151, "macro avg": {"precision": 0.8241968055810538, "recall": 0.7314654915348433, "f1-score": 0.7606657056910517, "support": 4970}, "weighted avg": {"precision": 0.8404172640025948, "recall": 0.8460764587525151, "f1-score": 0.8333899844850495, "support": 4970}}