{"<=50K": {"precision": 0.7841004184100419, "recall": 0.9997332622032542, "f1-score": 0.8788838081838434, "support": 3749}, ">50K": {"precision": 0.9947368421052631, "recall": 0.1547911547911548, "f1-score": 0.26789510985116943, "support": 1221}, "accuracy": 0.7921529175050301, "macro avg": {"precision": 0.8894186302576526, "recall": 0.5772622084972046, "f1-score": 0.5733894590175064, "support": 4970}, "weighted avg": {"precision": 0.835848320488888, "recall": 0.7921529175050301, "f1-score": 0.7287797436638846, "support": 4970}}