{"<=50K": {"precision": 0.8576546453307857, "recall": 0.9578554281141638, "f1-score": 0.9049899193548387, "support": 3749}, ">50K": {"precision": 0.7982120051085568, "recall": 0.5118755118755118, "f1-score": 0.62375249500998, "support": 1221}, "accuracy": 0.8482897384305835, "macro avg": {"precision": 0.8279333252196712, "recall": 0.7348654699948378, "f1-score": 0.7643712071824094, "support": 4970}, "weighted avg": {"precision": 0.8430511315055662, "recall": 0.8482897384305835, "f1-score": 0.8358971839171984, "support": 4970}}