{"<=50K": {"precision": 0.8549690917736567, "recall": 0.9591891170978928, "f1-score": 0.9040854808296669, "support": 3749}, ">50K": {"precision": 0.7997382198952879, "recall": 0.5004095004095004, "f1-score": 0.6156171284634762, "support": 1221}, "accuracy": 0.8464788732394366, "macro avg": {"precision": 0.8273536558344723, "recall": 0.7297993087536966, "f1-score": 0.7598513046465716, "support": 4970}, "weighted avg": {"precision": 0.841400300110983, "recall": 0.8464788732394366, "f1-score": 0.8332162940612325, "support": 4970}}